{"cameraMode":{"drawMode":0,"name":"Shaded","section":"Shading Mode"},"sceneLighting":true,"audioPlay":false,"sceneViewState":{"showFog":true,"showMaterialUpdate":true,"showSkybox":true,"showFlares":true,"showImageEffects":true,"showParticleSystems":true},"in2DMode":false,"pivot":{"x":410.8292541503906,"y":176.5,"z":0.08343505859375},"rotation":{"x":-0.03479854390025139,"y":0.015586926601827145,"z":-0.0005428497097454965,"w":-0.9992726445198059},"size":725.5545043945313,"orthographic":false}